[
	{"key": "ArrayList", "isID": false},
	{"key": "Base64", "isID": false},
	{"key": "BitSet", "isID": false},
	{"key": "Boolean", "isID": false},
	{"key": "Byte", "isID": false},
	{"key": "Calendar", "isID": false},
	{"key": "Character", "isID": false},
	{"key": "Collection", "isID": false},
	{"key": "Currency", "isID": false},
	{"key": "Date", "isID": false},
	{"key": "Deque", "isID": false},
	{"key": "Dictionary", "isID": false},
	{"key": "Double", "isID": false},
	{"key": "Float", "isID": false},
	{"key": "GregorianCalendar", "isID": false},
	{"key": "HashMap", "isID": false},
	{"key": "HashSet", "isID": false},
	{"key": "Hashtable", "isID": false},
	{"key": "HexFormat", "isID": false},
	{"key": "IdentityHashMap", "isID": false},
	{"key": "Integer", "isID": true},
	{"key": "KeyValueHolder", "isID": false},
	{"key": "LinkedHashMap", "isID": false},
	{"key": "LinkedHashSet", "isID": false},
	{"key": "LinkedList", "isID": false},
	{"key": "List", "isID": false},
	{"key": "Locale", "isID": false},
	{"key": "Long", "isID": true},
	{"key": "Map", "isID": false},
	{"key": "NavigableMap", "isID": false},
	{"key": "NavigableSet", "isID": false},
	{"key": "Number", "isID": false},
	{"key": "Object", "isID": false},
	{"key": "PriorityQueue", "isID": false},
	{"key": "Properties", "isID": false},
	{"key": "PropertyPermission", "isID": false},
	{"key": "PropertyResourceBundle", "isID": false},
	{"key": "Queue", "isID": false},
	{"key": "Record", "isID": false},
	{"key": "Set", "isID": false},
	{"key": "Short", "isID": false},
	{"key": "SortedMap", "isID": false},
	{"key": "SortedSet", "isID": false},
	{"key": "Stack", "isID": false},
	{"key": "String", "isID": true},
	{"key": "Timer", "isID": false},
	{"key": "TimerTask", "isID": false},
	{"key": "TimeZone", "isID": false},
	{"key": "TimSort", "isID": false},
	{"key": "TooManyListenersException", "isID": false},
	{"key": "TreeMap", "isID": false},
	{"key": "TreeSet", "isID": false},
	{"key": "UUID", "isID": true},
	{"key": "Vector", "isID": false},
	{"key": "WeakHashMap", "isID": false}
]